{"cameraMode":{"drawMode":0,"name":"Shaded","section":"Shading Mode"},"sceneLighting":true,"audioPlay":false,"sceneViewState":{"showFog":true,"showMaterialUpdate":false,"showSkybox":true,"showFlares":true,"showImageEffects":true,"showParticleSystems":true},"in2DMode":false,"pivot":{"x":-0.11488628387451172,"y":-2.309274673461914,"z":-1.8921998739242554},"rotation":{"x":0.16697575151920319,"y":-0.6279581785202026,"z":0.14035649597644807,"w":0.7470535039901733},"size":4.766025543212891,"orthographic":false}